{
    "error": 0,
    "data": [{
            "room_id": "214786",
            "room_src": "https:\/\/rpic.douyucdn.cn\/a1610\/28\/21\/214786_161028213704.jpg",
            "vertical_src": "https:\/\/rpic.douyucdn.cn\/a1610\/28\/21\/214786_161028213704.jpg",
            "isVertical": 0,
            "cate_id": "2",
            "room_name": "\u4e24\u4eea\uff1a\u5403\u6211\u62d4\u4e1d\u9999\u8549\u5b87\u5b99\u7267",
            "owner_uid": "11222435",
            "nickname": "\u4e24\u4eea\u672a\u5a1c\u4e36",
            "online": 7351,
            "url": "http:\/\/www.douyu.com\/214786",
            "game_url": "http:\/\/www.douyu.com\/directory\/game\/How",
            "game_name": "\u7089\u77f3\u4f20\u8bf4",
            "avatar": "https:\/\/apic.douyucdn.cn\/upload\/avatar\/face\/201608\/31\/1592da8909161eed9f3e114e04939697_big.jpg",
            "avatar_mid": "https:\/\/apic.douyucdn.cn\/upload\/avatar\/face\/201608\/31\/1592da8909161eed9f3e114e04939697_middle.jpg",
            "avatar_small": "https:\/\/apic.douyucdn.cn\/upload\/avatar\/face\/201608\/31\/1592da8909161eed9f3e114e04939697_small.jpg",
            "jumpUrl": ""
        },
        {
            "room_id": "633019",
            "room_src": "https:\/\/rpic.douyucdn.cn\/a1610\/28\/21\/633019_161028215010.jpg",
            "vertical_src": "https:\/\/rpic.douyucdn.cn\/a1610\/28\/21\/633019_161028215010.jpg",
            "isVertical": 0,
            "cate_id": "2",
            "room_name": "\u5566\u5566\u5566\uff1a\u5609\u5e74\u534e\u65f6\u5dee0 0",
            "owner_uid": "2002365",
            "nickname": "\u7089\u77f3\u4e36\u5566\u5566\u5566",
            "online": 229403,
            "url": "http:\/\/www.douyu.com\/lslalala",
            "game_url": "http:\/\/www.douyu.com\/directory\/game\/How",
            "game_name": "\u7089\u77f3\u4f20\u8bf4",
            "avatar": "https:\/\/apic.douyucdn.cn\/upload\/avatar\/face\/201605\/18\/22f0631caf6f62bd3ce7aea2a6b31723_big.jpg",
            "avatar_mid": "https:\/\/apic.douyucdn.cn\/upload\/avatar\/face\/201605\/18\/22f0631caf6f62bd3ce7aea2a6b31723_middle.jpg",
            "avatar_small": "https:\/\/apic.douyucdn.cn\/upload\/avatar\/face\/201605\/18\/22f0631caf6f62bd3ce7aea2a6b31723_small.jpg",
            "jumpUrl": ""
        },
        {
            "room_id": "265438",
            "room_src": "https:\/\/rpic.douyucdn.cn\/a1610\/28\/21\/265438_161028214944.jpg",
            "vertical_src": "https:\/\/rpic.douyucdn.cn\/a1610\/28\/21\/265438_161028214944.jpg",
            "isVertical": 0,
            "cate_id": "2",
            "room_name": "\u98de\u513f  \u6211\u5c45\u7136\u662f\u8bc4\u59d4\u2026\u2026",
            "owner_uid": "1974429",
            "nickname": "\u5218\u98de\u513ffaye",
            "online": 161686,
            "url": "http:\/\/www.douyu.com\/liufeier",
            "game_url": "http:\/\/www.douyu.com\/directory\/game\/How",
            "game_name": "\u7089\u77f3\u4f20\u8bf4",
            "avatar": "https:\/\/apic.douyucdn.cn\/upload\/avatar\/001\/97\/44\/29_avatar_big.jpg",
            "avatar_mid": "https:\/\/apic.douyucdn.cn\/upload\/avatar\/001\/97\/44\/29_avatar_middle.jpg",
            "avatar_small": "https:\/\/apic.douyucdn.cn\/upload\/avatar\/001\/97\/44\/29_avatar_small.jpg",
            "jumpUrl": ""
        },
        {
            "room_id": "32892",
            "room_src": "https:\/\/rpic.douyucdn.cn\/a1610\/28\/21\/32892_161028213800.jpg",
            "vertical_src": "https:\/\/rpic.douyucdn.cn\/a1610\/28\/21\/32892_161028213800.jpg",
            "isVertical": 0,
            "cate_id": "2",
            "room_name": "\u6d9b\u59b9\uff1a\u4e0d\u5077\u4e0d\u62a2\u5f53\u56fd\u738b\u5566\uff01",
            "owner_uid": "558903",
            "nickname": "\u53ea\u6709\u5341\u4e94\u5c81\u7684\u6d9b\u59b9",
            "online": 160376,
            "url": "http:\/\/www.douyu.com\/32892",
            "game_url": "http:\/\/www.douyu.com\/directory\/game\/How",
            "game_name": "\u7089\u77f3\u4f20\u8bf4",
            "avatar": "https:\/\/apic.douyucdn.cn\/upload\/avatar\/face\/201608\/06\/d79a17d800f46681d4b89c58c937121b_big.jpg",
            "avatar_mid": "https:\/\/apic.douyucdn.cn\/upload\/avatar\/face\/201608\/06\/d79a17d800f46681d4b89c58c937121b_middle.jpg",
            "avatar_small": "https:\/\/apic.douyucdn.cn\/upload\/avatar\/face\/201608\/06\/d79a17d800f46681d4b89c58c937121b_small.jpg",
            "jumpUrl": ""
        },
        {
            "room_id": "208114",
            "room_src": "https:\/\/rpic.douyucdn.cn\/a1610\/28\/21\/208114_161028214836.jpg",
            "vertical_src": "https:\/\/rpic.douyucdn.cn\/a1610\/28\/21\/208114_161028214836.jpg",
            "isVertical": 0,
            "cate_id": "2",
            "room_name": "\u72d7\u8d3c\uff1a\u6751\u53e3\u840c\u840c\u54d2\u7684\u571f\u62e8\u9f20\u53d4\u53d4",
            "owner_uid": "9468763",
            "nickname": "\u6069\u57fa\u7231\u840c\u840c\u54d2\u7684\u72d7\u8d3c",
            "online": 56293,
            "url": "http:\/\/www.douyu.com\/gouzei",
            "game_url": "http:\/\/www.douyu.com\/directory\/game\/How",
            "game_name": "\u7089\u77f3\u4f20\u8bf4",
            "avatar": "https:\/\/apic.douyucdn.cn\/upload\/avanew\/face\/201610\/13\/11\/b963180adfade17386efb96c322172d3_big.jpg",
            "avatar_mid": "https:\/\/apic.douyucdn.cn\/upload\/avanew\/face\/201610\/13\/11\/b963180adfade17386efb96c322172d3_middle.jpg",
            "avatar_small": "https:\/\/apic.douyucdn.cn\/upload\/avanew\/face\/201610\/13\/11\/b963180adfade17386efb96c322172d3_small.jpg",
            "jumpUrl": ""
        },
        {
            "room_id": "241823",
            "room_src": "https:\/\/rpic.douyucdn.cn\/a1610\/28\/21\/241823_161028213812.jpg",
            "vertical_src": "https:\/\/rpic.douyucdn.cn\/a1610\/28\/21\/241823_161028213812.jpg",
            "isVertical": 0,
            "cate_id": "2",
            "room_name": "\u3010\u4ed9\u513f\u3011\u8c01\u5bb6\u5a03\u5a03\u6389\u4e86",
            "owner_uid": "13993658",
            "nickname": "\u4e03\u714c\u4ed9\u513f",
            "online": 46748,
            "url": "http:\/\/www.douyu.com\/xianer",
            "game_url": "http:\/\/www.douyu.com\/directory\/game\/How",
            "game_name": "\u7089\u77f3\u4f20\u8bf4",
            "avatar": "https:\/\/apic.douyucdn.cn\/upload\/avatar\/face\/201605\/23\/ca3c884ca43b2a3ee1c7caaf89eaf148_big.jpg",
            "avatar_mid": "https:\/\/apic.douyucdn.cn\/upload\/avatar\/face\/201605\/23\/ca3c884ca43b2a3ee1c7caaf89eaf148_middle.jpg",
            "avatar_small": "https:\/\/apic.douyucdn.cn\/upload\/avatar\/face\/201605\/23\/ca3c884ca43b2a3ee1c7caaf89eaf148_small.jpg",
            "jumpUrl": ""
        },
        {
            "room_id": "525207",
            "room_src": "https:\/\/rpic.douyucdn.cn\/a1610\/28\/21\/525207_161028213646.jpg",
            "vertical_src": "https:\/\/rpic.douyucdn.cn\/a1610\/28\/21\/525207_161028213646.jpg",
            "isVertical": 0,
            "cate_id": "2",
            "room_name": "\u7089\u77f3\u4e16\u9526\u8d5b\u5c0f\u7ec4\u8d5b\u7b2c\u4e8c\u8f6e\uff08\u91cd\u64ad\uff09",
            "owner_uid": "28830692",
            "nickname": "\u66b4\u96ea\u6e38\u620f\u9891\u9053",
            "online": 40695,
            "url": "http:\/\/www.douyu.com\/525207",
            "game_url": "http:\/\/www.douyu.com\/directory\/game\/How",
            "game_name": "\u7089\u77f3\u4f20\u8bf4",
            "avatar": "https:\/\/apic.douyucdn.cn\/upload\/avatar\/face\/201608\/31\/1d435cabf606b4e0f3bf4df25e23fe72_big.jpg",
            "avatar_mid": "https:\/\/apic.douyucdn.cn\/upload\/avatar\/face\/201608\/31\/1d435cabf606b4e0f3bf4df25e23fe72_middle.jpg",
            "avatar_small": "https:\/\/apic.douyucdn.cn\/upload\/avatar\/face\/201608\/31\/1d435cabf606b4e0f3bf4df25e23fe72_small.jpg",
            "jumpUrl": ""
        },
        {
            "room_id": "93589",
            "room_src": "https:\/\/rpic.douyucdn.cn\/a1610\/28\/21\/93589_161028215009.jpg",
            "vertical_src": "https:\/\/rpic.douyucdn.cn\/a1610\/28\/21\/93589_161028215009.jpg",
            "isVertical": 0,
            "cate_id": "2",
            "room_name": "\u5f02\u7075\u672f\uff1a100\u540d\u767b\u9876\uff0c\u767b\u9876\u9a6c\u7532\u5df2\u7ecf\u5c31\u4f4d~",
            "owner_uid": "403487",
            "nickname": "\u5f02\u7075\u672f\u8001\u5e08",
            "online": 37213,
            "url": "http:\/\/www.douyu.com\/yilingshu",
            "game_url": "http:\/\/www.douyu.com\/directory\/game\/How",
            "game_name": "\u7089\u77f3\u4f20\u8bf4",
            "avatar": "https:\/\/apic.douyucdn.cn\/upload\/avatar\/000\/40\/34\/87_avatar_big.jpg",
            "avatar_mid": "https:\/\/apic.douyucdn.cn\/upload\/avatar\/000\/40\/34\/87_avatar_middle.jpg",
            "avatar_small": "https:\/\/apic.douyucdn.cn\/upload\/avatar\/000\/40\/34\/87_avatar_small.jpg",
            "jumpUrl": ""
        },
        {
            "room_id": "312410",
            "room_src": "https:\/\/rpic.douyucdn.cn\/a1610\/28\/21\/312410_161028215024.jpg",
            "vertical_src": "https:\/\/rpic.douyucdn.cn\/a1610\/28\/21\/312410_161028215024.jpg",
            "isVertical": 0,
            "cate_id": "2",
            "room_name": "\u6628\u665a\u6211\u6c34\u997a\u716e\u7684\u600e\u4e48\u6837\uff1f\u7ed9\u51e0\u5206",
            "owner_uid": "1312098",
            "nickname": "\u7089\u77f3\u4e36\u6625\u54e5",
            "online": 35009,
            "url": "http:\/\/www.douyu.com\/312410",
            "game_url": "http:\/\/www.douyu.com\/directory\/game\/How",
            "game_name": "\u7089\u77f3\u4f20\u8bf4",
            "avatar": "https:\/\/apic.douyucdn.cn\/upload\/avatar\/001\/31\/20\/98_avatar_big.jpg",
            "avatar_mid": "https:\/\/apic.douyucdn.cn\/upload\/avatar\/001\/31\/20\/98_avatar_middle.jpg",
            "avatar_small": "https:\/\/apic.douyucdn.cn\/upload\/avatar\/001\/31\/20\/98_avatar_small.jpg",
            "jumpUrl": ""
        },
        {
            "room_id": "288010",
            "room_src": "https:\/\/rpic.douyucdn.cn\/a1610\/28\/21\/288010_161028213802.jpg",
            "vertical_src": "https:\/\/rpic.douyucdn.cn\/a1610\/28\/21\/288010_161028213802.jpg",
            "isVertical": 0,
            "cate_id": "2",
            "room_name": "\u4e38\uff1a\u9752\u9752\u5b50\u887f,\u60a0\u60a0\u6211\u5fc3",
            "owner_uid": "16882310",
            "nickname": "\u4e38\u5b50\u5466",
            "online": 13047,
            "url": "http:\/\/www.douyu.com\/Cherry277",
            "game_url": "http:\/\/www.douyu.com\/directory\/game\/How",
            "game_name": "\u7089\u77f3\u4f20\u8bf4",
            "avatar": "https:\/\/apic.douyucdn.cn\/upload\/avatar\/016\/88\/23\/10_avatar_big.jpg",
            "avatar_mid": "https:\/\/apic.douyucdn.cn\/upload\/avatar\/016\/88\/23\/10_avatar_middle.jpg",
            "avatar_small": "https:\/\/apic.douyucdn.cn\/upload\/avatar\/016\/88\/23\/10_avatar_small.jpg",
            "jumpUrl": ""
        },
        {
            "room_id": "302946",
            "room_src": "https:\/\/rpic.douyucdn.cn\/a1610\/28\/21\/302946_161028214826.jpg",
            "vertical_src": "https:\/\/rpic.douyucdn.cn\/a1610\/28\/21\/302946_161028214826.jpg",
            "isVertical": 0,
            "cate_id": "2",
            "room_name": "\u864e\u5934\u54e5\uff1a\u5168\u91d1\u84dd\u9f99\u5fb7\u517b\u725b\u8428\u9c7c\u4eba\u9a91",
            "owner_uid": "1317920",
            "nickname": "\u864e\u5934\u54e5",
            "online": 1426,
            "url": "http:\/\/www.douyu.com\/hutouge",
            "game_url": "http:\/\/www.douyu.com\/directory\/game\/How",
            "game_name": "\u7089\u77f3\u4f20\u8bf4",
            "avatar": "https:\/\/apic.douyucdn.cn\/upload\/avatar\/face\/201604\/15\/2bf76a100f3423b4d6622968cae9c775_big.jpg",
            "avatar_mid": "https:\/\/apic.douyucdn.cn\/upload\/avatar\/face\/201604\/15\/2bf76a100f3423b4d6622968cae9c775_middle.jpg",
            "avatar_small": "https:\/\/apic.douyucdn.cn\/upload\/avatar\/face\/201604\/15\/2bf76a100f3423b4d6622968cae9c775_small.jpg",
            "jumpUrl": ""
        },
        {
            "room_id": "212396",
            "room_src": "https:\/\/rpic.douyucdn.cn\/a1610\/28\/01\/212396_161028012148.jpg",
            "vertical_src": "https:\/\/rpic.douyucdn.cn\/a1610\/28\/01\/212396_161028012148.jpg",
            "isVertical": 0,
            "cate_id": "2",
            "room_name": "\u59dc\u795e\uff1a\u5b87\u5b99\u730e \u7206\u724c\u5fb7 \u80fd\u6389\u5230\u591a\u5c11\uff1f",
            "owner_uid": "10614101",
            "nickname": "\u59dc\u795e\u4e36",
            "online": 989,
            "url": "http:\/\/www.douyu.com\/212396",
            "game_url": "http:\/\/www.douyu.com\/directory\/game\/How",
            "game_name": "\u7089\u77f3\u4f20\u8bf4",
            "avatar": "https:\/\/apic.douyucdn.cn\/upload\/avatar\/010\/61\/41\/01_avatar_big.jpg",
            "avatar_mid": "https:\/\/apic.douyucdn.cn\/upload\/avatar\/010\/61\/41\/01_avatar_middle.jpg",
            "avatar_small": "https:\/\/apic.douyucdn.cn\/upload\/avatar\/010\/61\/41\/01_avatar_small.jpg",
            "jumpUrl": ""
        },
        {
            "room_id": "697115",
            "room_src": "https:\/\/rpic.douyucdn.cn\/a1610\/28\/21\/697115_161028213847.jpg",
            "vertical_src": "https:\/\/rpic.douyucdn.cn\/a1610\/28\/21\/697115_161028213847.jpg",
            "isVertical": 0,
            "cate_id": "2",
            "room_name": "\u5929\u4e0b\u5976\u9a91\u51fa\u6211\u8f88",
            "owner_uid": "12516134",
            "nickname": "\u5317\u7f57",
            "online": 1853,
            "url": "http:\/\/www.douyu.com\/697115",
            "game_url": "http:\/\/www.douyu.com\/directory\/game\/How",
            "game_name": "\u7089\u77f3\u4f20\u8bf4",
            "avatar": "https:\/\/apic.douyucdn.cn\/upload\/avatar\/default\/08_big.jpg",
            "avatar_mid": "https:\/\/apic.douyucdn.cn\/upload\/avatar\/default\/08_middle.jpg",
            "avatar_small": "https:\/\/apic.douyucdn.cn\/upload\/avatar\/default\/08_small.jpg",
            "jumpUrl": ""
        },
        {
            "room_id": "257301",
            "room_src": "https:\/\/rpic.douyucdn.cn\/a1610\/28\/21\/257301_161028213720.jpg",
            "vertical_src": "https:\/\/rpic.douyucdn.cn\/a1610\/28\/21\/257301_161028213720.jpg",
            "isVertical": 0,
            "cate_id": "2",
            "room_name": "\u4ee4\u54e5\uff1a\u672f\u58eb\u4e13\u9898~\u6b22\u8fce\u65b0\u624b~",
            "owner_uid": "16716793",
            "nickname": "\u4ee4\u54e5jjc",
            "online": 4955,
            "url": "http:\/\/www.douyu.com\/lingge",
            "game_url": "http:\/\/www.douyu.com\/directory\/game\/How",
            "game_name": "\u7089\u77f3\u4f20\u8bf4",
            "avatar": "https:\/\/apic.douyucdn.cn\/upload\/avatar\/016\/71\/67\/93_avatar_big.jpg",
            "avatar_mid": "https:\/\/apic.douyucdn.cn\/upload\/avatar\/016\/71\/67\/93_avatar_middle.jpg",
            "avatar_small": "https:\/\/apic.douyucdn.cn\/upload\/avatar\/016\/71\/67\/93_avatar_small.jpg",
            "jumpUrl": ""
        },
        {
            "room_id": "131420",
            "room_src": "https:\/\/rpic.douyucdn.cn\/a1610\/28\/21\/131420_161028215023.jpg",
            "vertical_src": "https:\/\/rpic.douyucdn.cn\/a1610\/28\/21\/131420_161028215023.jpg",
            "isVertical": 0,
            "cate_id": "2",
            "room_name": "Nami\uff1a\u80d6\u4e01\u6765\u5566",
            "owner_uid": "2597140",
            "nickname": "Qbaby\u4e36\u5a1c\u5c0f\u54aa",
            "online": 4813,
            "url": "http:\/\/www.douyu.com\/131420",
            "game_url": "http:\/\/www.douyu.com\/directory\/game\/How",
            "game_name": "\u7089\u77f3\u4f20\u8bf4",
            "avatar": "https:\/\/apic.douyucdn.cn\/upload\/avatar\/face\/201607\/06\/8e7e7038224097e138624e0427a184cb_big.jpg",
            "avatar_mid": "https:\/\/apic.douyucdn.cn\/upload\/avatar\/face\/201607\/06\/8e7e7038224097e138624e0427a184cb_middle.jpg",
            "avatar_small": "https:\/\/apic.douyucdn.cn\/upload\/avatar\/face\/201607\/06\/8e7e7038224097e138624e0427a184cb_small.jpg",
            "jumpUrl": ""
        },
        {
            "room_id": "220185",
            "room_src": "https:\/\/rpic.douyucdn.cn\/a1610\/28\/20\/220185_161028204225.jpg",
            "vertical_src": "https:\/\/rpic.douyucdn.cn\/a1610\/28\/20\/220185_161028204225.jpg",
            "isVertical": 0,
            "cate_id": "2",
            "room_name": "\u8f93\u5728\u4e86\u624b\u901f\u4e0a...",
            "owner_uid": "12198314",
            "nickname": "\u516e\u67da\u4e36",
            "online": 690,
            "url": "http:\/\/www.douyu.com\/220185",
            "game_url": "http:\/\/www.douyu.com\/directory\/game\/How",
            "game_name": "\u7089\u77f3\u4f20\u8bf4",
            "avatar": "https:\/\/apic.douyucdn.cn\/upload\/avatar\/face\/201606\/29\/fce5bdb5abc483dffbc3ad18f3dd89e1_big.jpg",
            "avatar_mid": "https:\/\/apic.douyucdn.cn\/upload\/avatar\/face\/201606\/29\/fce5bdb5abc483dffbc3ad18f3dd89e1_middle.jpg",
            "avatar_small": "https:\/\/apic.douyucdn.cn\/upload\/avatar\/face\/201606\/29\/fce5bdb5abc483dffbc3ad18f3dd89e1_small.jpg",
            "jumpUrl": ""
        },
        {
            "room_id": "1024551",
            "room_src": "https:\/\/rpic.douyucdn.cn\/a1610\/28\/21\/1024551_161028213752.jpg",
            "vertical_src": "https:\/\/rpic.douyucdn.cn\/a1610\/28\/21\/1024551_161028213752.jpg",
            "isVertical": 0,
            "cate_id": "2",
            "room_name": "\u4e00\u665a\u4e0a\u4e00\u4e2a\u4f20\u8bf4",
            "owner_uid": "60982770",
            "nickname": "candykiss1",
            "online": 3092,
            "url": "http:\/\/www.douyu.com\/1024551",
            "game_url": "http:\/\/www.douyu.com\/directory\/game\/How",
            "game_name": "\u7089\u77f3\u4f20\u8bf4",
            "avatar": "https:\/\/apic.douyucdn.cn\/upload\/avanew\/face\/201610\/13\/19\/96d0854129fe409da91ec6b96b3e1cb2_big.jpg",
            "avatar_mid": "https:\/\/apic.douyucdn.cn\/upload\/avanew\/face\/201610\/13\/19\/96d0854129fe409da91ec6b96b3e1cb2_middle.jpg",
            "avatar_small": "https:\/\/apic.douyucdn.cn\/upload\/avanew\/face\/201610\/13\/19\/96d0854129fe409da91ec6b96b3e1cb2_small.jpg",
            "jumpUrl": ""
        },
        {
            "room_id": "79437",
            "room_src": "https:\/\/rpic.douyucdn.cn\/a1610\/28\/21\/79437_161028213806.jpg",
            "vertical_src": "https:\/\/rpic.douyucdn.cn\/a1610\/28\/21\/79437_161028213806.jpg",
            "isVertical": 0,
            "cate_id": "2",
            "room_name": "\u83e0\u841d\u871c\uff1aJJC\u6700\u5f3a\u6559\u5b66 11\u80dc\u5bfc\u5e08~",
            "owner_uid": "2987123",
            "nickname": "\u83e0\u841d\u871c\u4e36",
            "online": 2959,
            "url": "http:\/\/www.douyu.com\/79437",
            "game_url": "http:\/\/www.douyu.com\/directory\/game\/How",
            "game_name": "\u7089\u77f3\u4f20\u8bf4",
            "avatar": "https:\/\/apic.douyucdn.cn\/upload\/avanew\/face\/201610\/28\/16\/41d105838fd88030adf046ab22bf8044_big.jpg",
            "avatar_mid": "https:\/\/apic.douyucdn.cn\/upload\/avanew\/face\/201610\/28\/16\/41d105838fd88030adf046ab22bf8044_middle.jpg",
            "avatar_small": "https:\/\/apic.douyucdn.cn\/upload\/avanew\/face\/201610\/28\/16\/41d105838fd88030adf046ab22bf8044_small.jpg",
            "jumpUrl": ""
        },
        {
            "room_id": "572335",
            "room_src": "https:\/\/rpic.douyucdn.cn\/a1610\/28\/21\/572335_161028214933.jpg",
            "vertical_src": "https:\/\/rpic.douyucdn.cn\/a1610\/28\/21\/572335_161028214933.jpg",
            "isVertical": 0,
            "cate_id": "2",
            "room_name": "\u7384\u4e00:\u6c34\u53cb\u8d5b,\u62a5\u540d\u5df2\u622a\u6b62",
            "owner_uid": "42004919",
            "nickname": "\u6155\u7384\u4e00",
            "online": 2489,
            "url": "http:\/\/www.douyu.com\/muxuanyi",
            "game_url": "http:\/\/www.douyu.com\/directory\/game\/How",
            "game_name": "\u7089\u77f3\u4f20\u8bf4",
            "avatar": "https:\/\/apic.douyucdn.cn\/upload\/avatar\/face\/201603\/9b31ae3b8a0fba760b8ea18e88e84d4c_big.jpg",
            "avatar_mid": "https:\/\/apic.douyucdn.cn\/upload\/avatar\/face\/201603\/9b31ae3b8a0fba760b8ea18e88e84d4c_middle.jpg",
            "avatar_small": "https:\/\/apic.douyucdn.cn\/upload\/avatar\/face\/201603\/9b31ae3b8a0fba760b8ea18e88e84d4c_small.jpg",
            "jumpUrl": ""
        },
        {
            "room_id": "789716",
            "room_src": "https:\/\/rpic.douyucdn.cn\/a1610\/28\/21\/789716_161028213831.jpg",
            "vertical_src": "https:\/\/rpic.douyucdn.cn\/a1610\/28\/21\/789716_161028213831.jpg",
            "isVertical": 0,
            "cate_id": "2",
            "room_name": "\u5965\u79d8\u4e2d\u901f\u730e\uff1a\u87ba\u4e1d\u4e13\u4e1a\u5e26\u7403\u8fc7\u4eba",
            "owner_uid": "34407030",
            "nickname": "\u7089\u77f3\u4e36\u4e1c\u5c11",
            "online": 2443,
            "url": "http:\/\/www.douyu.com\/789716",
            "game_url": "http:\/\/www.douyu.com\/directory\/game\/How",
            "game_name": "\u7089\u77f3\u4f20\u8bf4",
            "avatar": "https:\/\/apic.douyucdn.cn\/upload\/avanew\/face\/201610\/07\/14\/d2b8a49caf2d2c0e742b7008985b99a6_big.jpg",
            "avatar_mid": "https:\/\/apic.douyucdn.cn\/upload\/avanew\/face\/201610\/07\/14\/d2b8a49caf2d2c0e742b7008985b99a6_middle.jpg",
            "avatar_small": "https:\/\/apic.douyucdn.cn\/upload\/avanew\/face\/201610\/07\/14\/d2b8a49caf2d2c0e742b7008985b99a6_small.jpg",
            "jumpUrl": ""
        },
        {
            "room_id": "533668",
            "room_src": "https:\/\/rpic.douyucdn.cn\/a1610\/28\/21\/533668_161028215004.jpg",
            "vertical_src": "https:\/\/rpic.douyucdn.cn\/a1610\/28\/21\/533668_161028215004.jpg",
            "isVertical": 0,
            "cate_id": "2",
            "room_name": "CLVanisher\u9632\u6218\u51b2\u6392\u540d\u5566",
            "owner_uid": "1187744",
            "nickname": "CLVanisher",
            "online": 2348,
            "url": "http:\/\/www.douyu.com\/533668",
            "game_url": "http:\/\/www.douyu.com\/directory\/game\/How",
            "game_name": "\u7089\u77f3\u4f20\u8bf4",
            "avatar": "https:\/\/apic.douyucdn.cn\/upload\/avatar\/001\/18\/77\/44_avatar_big.jpg",
            "avatar_mid": "https:\/\/apic.douyucdn.cn\/upload\/avatar\/001\/18\/77\/44_avatar_middle.jpg",
            "avatar_small": "https:\/\/apic.douyucdn.cn\/upload\/avatar\/001\/18\/77\/44_avatar_small.jpg",
            "jumpUrl": ""
        },
        {
            "room_id": "809713",
            "room_src": "https:\/\/rpic.douyucdn.cn\/a1610\/28\/21\/809713_161028213818.jpg",
            "vertical_src": "https:\/\/rpic.douyucdn.cn\/a1610\/28\/21\/809713_161028213818.jpg",
            "isVertical": 0,
            "cate_id": "2",
            "room_name": "\u989c\u503c\u4e3b\u64ad\u6c42\u8650\u6c42\u540a\u6253",
            "owner_uid": "58781390",
            "nickname": "Kagome\u9171\u4e36",
            "online": 2248,
            "url": "http:\/\/www.douyu.com\/809713",
            "game_url": "http:\/\/www.douyu.com\/directory\/game\/How",
            "game_name": "\u7089\u77f3\u4f20\u8bf4",
            "avatar": "https:\/\/apic.douyucdn.cn\/upload\/avanew\/face\/201610\/15\/19\/d3a8475e853ef55a92162c6433d2266a_big.jpg",
            "avatar_mid": "https:\/\/apic.douyucdn.cn\/upload\/avanew\/face\/201610\/15\/19\/d3a8475e853ef55a92162c6433d2266a_middle.jpg",
            "avatar_small": "https:\/\/apic.douyucdn.cn\/upload\/avanew\/face\/201610\/15\/19\/d3a8475e853ef55a92162c6433d2266a_small.jpg",
            "jumpUrl": ""
        },
        {
            "room_id": "57741",
            "room_src": "https:\/\/rpic.douyucdn.cn\/a1610\/28\/21\/57741_161028214939.jpg",
            "vertical_src": "https:\/\/rpic.douyucdn.cn\/a1610\/28\/21\/57741_161028214939.jpg",
            "isVertical": 0,
            "cate_id": "2",
            "room_name": "\u8205\uff1a\u98d8\u9038\u7684\u81ea\u9009jjc\uff0c\u505a\u597d\u7b14\u8bb0\u597d\u5427\uff01",
            "owner_uid": "1421207",
            "nickname": "\u56db\u8205jjc",
            "online": 2242,
            "url": "http:\/\/www.douyu.com\/root",
            "game_url": "http:\/\/www.douyu.com\/directory\/game\/How",
            "game_name": "\u7089\u77f3\u4f20\u8bf4",
            "avatar": "https:\/\/apic.douyucdn.cn\/upload\/avatar\/face\/201606\/02\/2a899654feec76d946aee6df763e0cfc_big.jpg",
            "avatar_mid": "https:\/\/apic.douyucdn.cn\/upload\/avatar\/face\/201606\/02\/2a899654feec76d946aee6df763e0cfc_middle.jpg",
            "avatar_small": "https:\/\/apic.douyucdn.cn\/upload\/avatar\/face\/201606\/02\/2a899654feec76d946aee6df763e0cfc_small.jpg",
            "jumpUrl": ""
        },
        {
            "room_id": "792888",
            "room_src": "https:\/\/rpic.douyucdn.cn\/a1610\/28\/21\/792888_161028213738.jpg",
            "vertical_src": "https:\/\/rpic.douyucdn.cn\/a1610\/28\/21\/792888_161028213738.jpg",
            "isVertical": 0,
            "cate_id": "2",
            "room_name": "\u2764\u2740\u8fd9\u662f\u4e00\u4e2a\u5316\u5986\u4f1a\u88ab\u5acc\u5f03\u7684\u76f4\u64ad\u95f4\u2740\u2764",
            "owner_uid": "55507132",
            "nickname": "\u80a5\u5b89\u59ae",
            "online": 2228,
            "url": "http:\/\/www.douyu.com\/792888",
            "game_url": "http:\/\/www.douyu.com\/directory\/game\/How",
            "game_name": "\u7089\u77f3\u4f20\u8bf4",
            "avatar": "https:\/\/apic.douyucdn.cn\/upload\/avatar\/face\/201609\/23\/6764eef699aec7a48b3026c850149e92_big.jpg",
            "avatar_mid": "https:\/\/apic.douyucdn.cn\/upload\/avatar\/face\/201609\/23\/6764eef699aec7a48b3026c850149e92_middle.jpg",
            "avatar_small": "https:\/\/apic.douyucdn.cn\/upload\/avatar\/face\/201609\/23\/6764eef699aec7a48b3026c850149e92_small.jpg",
            "jumpUrl": ""
        },
        {
            "room_id": "1095148",
            "room_src": "https:\/\/rpic.douyucdn.cn\/a1610\/28\/21\/1095148_161028213827.jpg",
            "vertical_src": "https:\/\/rpic.douyucdn.cn\/a1610\/28\/21\/1095148_161028213827.jpg",
            "isVertical": 0,
            "cate_id": "2",
            "room_name": "\u6606\u7279\u724c\uff01\u5185\u4fa7\u8d44\u683c\uff01",
            "owner_uid": "14868311",
            "nickname": "\u592b\u590d\u4f55\u6c42123123",
            "online": 2216,
            "url": "http:\/\/www.douyu.com\/1095148",
            "game_url": "http:\/\/www.douyu.com\/directory\/game\/How",
            "game_name": "\u7089\u77f3\u4f20\u8bf4",
            "avatar": "https:\/\/apic.douyucdn.cn\/upload\/avanew\/face\/201610\/24\/13\/d8122d3d68100adfbfa6b6028b8072db_big.jpg",
            "avatar_mid": "https:\/\/apic.douyucdn.cn\/upload\/avanew\/face\/201610\/24\/13\/d8122d3d68100adfbfa6b6028b8072db_middle.jpg",
            "avatar_small": "https:\/\/apic.douyucdn.cn\/upload\/avanew\/face\/201610\/24\/13\/d8122d3d68100adfbfa6b6028b8072db_small.jpg",
            "jumpUrl": ""
        },
        {
            "room_id": "73095",
            "room_src": "https:\/\/rpic.douyucdn.cn\/a1610\/28\/21\/73095_161028213739.jpg",
            "vertical_src": "https:\/\/rpic.douyucdn.cn\/a1610\/28\/21\/73095_161028213739.jpg",
            "isVertical": 0,
            "cate_id": "2",
            "room_name": "\u5305\u5b50\u9e3d\u9e3d\uff1a\u706f\u7ba1\u6302\u4e86\uff0c\u6478\u9ed1\u76f4\u64ad~",
            "owner_uid": "2645768",
            "nickname": "\u6bd2\u4e40\u561f\u561f",
            "online": 2206,
            "url": "http:\/\/www.douyu.com\/dududu",
            "game_url": "http:\/\/www.douyu.com\/directory\/game\/How",
            "game_name": "\u7089\u77f3\u4f20\u8bf4",
            "avatar": "https:\/\/apic.douyucdn.cn\/upload\/avatar\/face\/201609\/05\/8551209d2181988a049d819c5b019e70_big.jpg",
            "avatar_mid": "https:\/\/apic.douyucdn.cn\/upload\/avatar\/face\/201609\/05\/8551209d2181988a049d819c5b019e70_middle.jpg",
            "avatar_small": "https:\/\/apic.douyucdn.cn\/upload\/avatar\/face\/201609\/05\/8551209d2181988a049d819c5b019e70_small.jpg",
            "jumpUrl": ""
        },
        {
            "room_id": "805070",
            "room_src": "https:\/\/rpic.douyucdn.cn\/a1610\/28\/21\/805070_161028213822.jpg",
            "vertical_src": "https:\/\/rpic.douyucdn.cn\/a1610\/28\/21\/805070_161028213822.jpg",
            "isVertical": 0,
            "cate_id": "2",
            "room_name": "\u4eca\u5929\u7279\u5730\u7a7f\u4e86\u90a3\u4ef630\u5757\u7684\u6cf0\u56fd\u4e11T\u6765\u804a\u6cf0\u56fd",
            "owner_uid": "58586976",
            "nickname": "\u6211\u53eb\u5dee\u4e0d\u591a\u5148\u751f\u4e36",
            "online": 2199,
            "url": "http:\/\/www.douyu.com\/805070",
            "game_url": "http:\/\/www.douyu.com\/directory\/game\/How",
            "game_name": "\u7089\u77f3\u4f20\u8bf4",
            "avatar": "https:\/\/apic.douyucdn.cn\/upload\/avatar\/face\/201607\/16\/e5dfcd00f6e900b3c2e310f6af61780f_big.jpg",
            "avatar_mid": "https:\/\/apic.douyucdn.cn\/upload\/avatar\/face\/201607\/16\/e5dfcd00f6e900b3c2e310f6af61780f_middle.jpg",
            "avatar_small": "https:\/\/apic.douyucdn.cn\/upload\/avatar\/face\/201607\/16\/e5dfcd00f6e900b3c2e310f6af61780f_small.jpg",
            "jumpUrl": ""
        },
        {
            "room_id": "1034128",
            "room_src": "https:\/\/rpic.douyucdn.cn\/a1610\/28\/21\/1034128_161028214929.jpg",
            "vertical_src": "https:\/\/rpic.douyucdn.cn\/a1610\/28\/21\/1034128_161028214929.jpg",
            "isVertical": 0,
            "cate_id": "2",
            "room_name": "\u5148\u5b9a\u4e2a\u524d\u4e00\u767e\u7684\u5c0f\u76ee\u6807\u3002",
            "owner_uid": "19689850",
            "nickname": "\u7089\u77f3\u4e36\u4e09\u7237",
            "online": 2188,
            "url": "http:\/\/www.douyu.com\/1034128",
            "game_url": "http:\/\/www.douyu.com\/directory\/game\/How",
            "game_name": "\u7089\u77f3\u4f20\u8bf4",
            "avatar": "https:\/\/apic.douyucdn.cn\/upload\/avatar\/default\/12_big.jpg",
            "avatar_mid": "https:\/\/apic.douyucdn.cn\/upload\/avatar\/default\/12_middle.jpg",
            "avatar_small": "https:\/\/apic.douyucdn.cn\/upload\/avatar\/default\/12_small.jpg",
            "jumpUrl": ""
        },
        {
            "room_id": "1040806",
            "room_src": "https:\/\/rpic.douyucdn.cn\/a1610\/28\/21\/1040806_161028215034.jpg",
            "vertical_src": "https:\/\/rpic.douyucdn.cn\/a1610\/28\/21\/1040806_161028215034.jpg",
            "isVertical": 0,
            "cate_id": "2",
            "room_name": "\u5c0f\u963f\u751f:\u5feb\u901f\u4f4e\u4fdd\u6559\u5b66",
            "owner_uid": "1499838",
            "nickname": "\u594b\u6597\u7684\u5c0f\u963f\u751f\u4e36",
            "online": 2132,
            "url": "http:\/\/www.douyu.com\/1040806",
            "game_url": "http:\/\/www.douyu.com\/directory\/game\/How",
            "game_name": "\u7089\u77f3\u4f20\u8bf4",
            "avatar": "https:\/\/apic.douyucdn.cn\/upload\/avatar\/face\/201608\/31\/b03b9a690df4f57ef87c4927f2efd79d_big.jpg",
            "avatar_mid": "https:\/\/apic.douyucdn.cn\/upload\/avatar\/face\/201608\/31\/b03b9a690df4f57ef87c4927f2efd79d_middle.jpg",
            "avatar_small": "https:\/\/apic.douyucdn.cn\/upload\/avatar\/face\/201608\/31\/b03b9a690df4f57ef87c4927f2efd79d_small.jpg",
            "jumpUrl": ""
        },
        {
            "room_id": "623147",
            "room_src": "https:\/\/rpic.douyucdn.cn\/a1610\/28\/21\/623147_161028214936.jpg",
            "vertical_src": "https:\/\/rpic.douyucdn.cn\/a1610\/28\/21\/623147_161028214936.jpg",
            "isVertical": 0,
            "cate_id": "2",
            "room_name": "\u5192\u5c0f\u70df\uff1a\u5f00\u59cb\u6253\u4f4e\u4fdd",
            "owner_uid": "3353427",
            "nickname": "\u5192\u5c0f\u70df",
            "online": 2124,
            "url": "http:\/\/www.douyu.com\/smallyan",
            "game_url": "http:\/\/www.douyu.com\/directory\/game\/How",
            "game_name": "\u7089\u77f3\u4f20\u8bf4",
            "avatar": "https:\/\/apic.douyucdn.cn\/upload\/avatar\/003\/35\/34\/27_avatar_big.jpg",
            "avatar_mid": "https:\/\/apic.douyucdn.cn\/upload\/avatar\/003\/35\/34\/27_avatar_middle.jpg",
            "avatar_small": "https:\/\/apic.douyucdn.cn\/upload\/avatar\/003\/35\/34\/27_avatar_small.jpg",
            "jumpUrl": ""
        }
    ]
}